id;created_by;updated_by;created_at;updated_at;published_at;published_to;priority;active;name;image_id;image_full_id;code;description_short;description_full;content_id;tree_id;show_counter;show_counter_start;meta_title;meta_description;meta_keywords;description_short_type;description_full_type;parent_content_element_id
13702;1;1;1473105640;1473105642;1473105640;;500;Y;"BOSTIK Гель для паркета и ламината Clic Protect";17105;;bostik-gel-dlya-parketa-i-laminata-clic-p;;;2;9;;;;;;text;text;
13703;1;1;1473105642;1473105643;1473105642;;500;Y;"BOSTIK Герметик полиуретановый серый 2639";17106;;bostik-germetik-poliuretanovyiy-seryiy;;;2;9;;;;;;text;text;
13704;1;1;1473105643;1473105644;1473105643;;500;Y;"BOSTIK Клей акрилов.напол. KE 310";17107;;bostik-kley-akrilovnapol-ke-310;;;2;9;;;;;;text;text;
13705;1;1;1473105644;1473105645;1473105644;;500;Y;"BOSTIK Клей акрилов.напол. KE 310";17108;;bostik-kley-akrilovnapol-ke-310-13704;;;2;9;;;;;;text;text;
13706;1;1;1473105645;1473105646;1473105645;;500;Y;"BOSTIK Клей акрилов.напол. KU 320";17109;;bostik-kley-akrilovnapol-ku-320;;;2;9;;;;;;text;text;
13707;1;1;1473105647;1473105648;1473105647;;500;Y;"BOSTIK Клей акрилов.напол. KU 320";17110;;bostik-kley-akrilovnapol-ku-320-13706;;;2;9;;;;;;text;text;
13708;1;1;1473105649;1473105651;1473105649;;500;Y;"BOSTIK Клей для склеивания швов ПВХ (Linokol )";17111;;bostik-kley-dlya-skleivaniya-shvov-pvh-lin;;;2;9;;;;;;text;text;
13709;1;1;1473105652;1473105653;1473105652;;500;Y;"BOSTIK Клей паркетный ""Tarbicol-KP5""";17112;;bostik-kley-parketnyiy-tarbicol-kp5;;;2;9;;;;;;text;text;
13710;1;1;1473105653;1473105654;1473105653;;500;Y;"BOSTIK Клей паркетный ""Tarbicol-KP5""";17113;;bostik-kley-parketnyiy-tarbicol-kp5-13709;;;2;9;;;;;;text;text;
13711;1;1;1473105654;1473105654;1473105654;;500;Y;"BOSTIK Клей паркетный ""Tarbicol-KPA""";17114;;bostik-kley-parketnyiy-tarbicol-kpa;;;2;9;;;;;;text;text;
13712;1;1;1473105655;1473105655;1473105655;;500;Y;"BOSTIK Клей паркетный ""Tarbicol-КРA""";17115;;bostik-kley-parketnyiy-tarbicol-kra;;;2;9;;;;;;text;text;
13754;1;1;1473105741;1473105743;1473105741;;500;Y;"ЭКОНОМ Грунтовка ГФ-021 кр-коричневый";17153;;ekonom-gruntovka-gf-021-kr-korichnevyi;;;2;9;;;;;;text;text;
13755;1;1;1473105744;1473105745;1473105744;;500;Y;"ЭКОНОМ Грунтовка ГФ-021 серый";17154;;ekonom-gruntovka-gf-021-seryiy;;;2;9;;;;;;text;text;
13951;1;1;1473105993;1473105994;1473105993;;500;Y;"ЭКСПЕРТ Ацетон";17195;;ekspert-atseton;;;2;9;;;;;;text;text;
14104;1;1;1473106187;1473106188;1473106187;;500;Y;"ЭКСПЕРТ Бетон-контакт";17216;;ekspert-beton-kontakt;;;2;9;;;;;;text;text;
14140;1;1;1473106244;1473106245;1473106244;;500;Y;"ЭКСПЕРТ Эмаль акриловая д/радиаторов п/матовая белая";17228;;ekspert-emal-akrilovaya-d_radiator;;;2;9;;;;;;text;text;
14137;1;1;1473106241;1473106242;1473106241;;500;Y;"ЭКСПЕРТ Эмаль акриловая глянц белая";17227;;ekspert-emal-akrilovaya-glyants-bela;;;2;9;;;;;;text;text;
14153;1;1;1473106268;1473106270;1473106268;;500;Y;"ЭКСПЕРТ Эмаль алкидная для радиаторов белая";17231;;ekspert-emal-alkidnaya-dlya-radiato;;;2;9;;;;;;text;text;
13906;1;1;1473105943;1473105945;1473105943;;500;Y;"ЭКСПЕРТ Эмаль НЦ-132М ";17194;;ekspert-emal-nts-132m;;;2;9;;;;;;text;text;
13980;1;1;1473106034;1473106035;1473106034;;500;Y;"ЭКСПЕРТ Эмаль ПФ-115М глянц ";17205;;ekspert-emal-pf-115m-glyants;;;2;9;;;;;;text;text;
14148;1;1;1473106259;1473106260;1473106259;;500;Y;"ЭКСПЕРТ Эмаль ПФ-115М  глянц белая";17230;;ekspert-emal-pf-115m-glyants-belaya;;;2;9;;;;;;text;text;
14143;1;1;1473106250;1473106251;1473106250;;500;Y;"ЭКСПЕРТ Эмаль ПФ-115М   мат белая";17229;;ekspert-emal-pf-115m-mat-belaya;;;2;9;;;;;;text;text;
14040;1;1;1473106109;1473106110;1473106109;;500;Y;"ЭКСПЕРТ Эмаль ПФ-266М ";17206;;ekspert-emal-pf-266m;;;2;9;;;;;;text;text;
14156;1;1;1473106274;1473106275;1473106274;;500;Y;"ЭКСПЕРТ Эмаль по ржав. 3в1 ";17232;;ekspert-emal-po-rjav-3v1;;;2;9;;;;;;text;text;
13963;1;1;1473106008;1473106008;1473106008;;500;Y;"ЭКСПЕРТ Ферризол преобраз-ль ржав.";17200;;ekspert-ferrizol-preobraz-l-rjav;;;2;9;;;;;;text;text;
13692;1;1;1473105625;1473105626;1473105625;;500;Y;"ЭКСПЕРТ Герметик акриловый белый";17096;;ekspert-germetik-akrilovyiy-belyiy;;;2;9;;;;;;text;text;
13693;1;1;1473105626;1473105627;1473105626;;500;Y;"ЭКСПЕРТ Герметик силиконовый белый";17097;;ekspert-germetik-silikonovyiy-belyi;;;2;9;;;;;;text;text;
13694;1;1;1473105627;1473105627;1473105627;;500;Y;"ЭКСПЕРТ Герметик силиконовый бесцветный";17098;;ekspert-germetik-silikonovyiy-bests;;;2;9;;;;;;text;text;
13697;1;1;1473105631;1473105632;1473105631;;500;Y;"ЭКСПЕРТ Герметик силиконовый черный";17101;;ekspert-germetik-silikonovyiy-chern;;;2;9;;;;;;text;text;
13695;1;1;1473105628;1473105629;1473105628;;500;Y;"ЭКСПЕРТ Герметик силиконовый коричневый";17099;;ekspert-germetik-silikonovyiy-kori;;;2;9;;;;;;text;text;
13696;1;1;1473105629;1473105630;1473105629;;500;Y;"ЭКСПЕРТ Герметик силиконовый серый";17100;;ekspert-germetik-silikonovyiy-seryi;;;2;9;;;;;;text;text;
14112;1;1;1473106203;1473106208;1473106203;;500;Y;"ЭКСПЕРТ Грунтовка фасадная ВДАК-0181М";17218;;ekspert-gruntovka-fasadnaya-vdak-0181;;;2;9;;;;;;text;text;
13970;1;1;1473106020;1473106021;1473106020;;500;Y;"ЭКСПЕРТ Грунтовка ГФ-021М кр-коричневый";17203;;ekspert-gruntovka-gf-021m-kr-korichne;;;2;9;;;;;;text;text;
13975;1;1;1473106027;1473106028;1473106027;;500;Y;"ЭКСПЕРТ Грунтовка ГФ-021М серый";17204;;ekspert-gruntovka-gf-021m-seryiy;;;2;9;;;;;;text;text;
14107;1;1;1473106191;1473106198;1473106191;;500;Y;"ЭКСПЕРТ Грунтовка гл. пр. ВДАК-0181М";17217;;ekspert-gruntovka-gl-pr-vdak-0181m;;;2;9;;;;;;text;text;
13872;1;1;1473105896;1473105897;1473105896;;500;Y;"ЭКСПЕРТ Жидкое стекло";17184;;ekspert-jidkoe-steklo;;;2;9;;;;;;text;text;
13956;1;1;1473105998;1473105998;1473105998;;500;Y;"ЭКСПЕРТ Керосин";;;ekspert-kerosin;;;2;9;;;;;;text;text;
13761;1;1;1473105778;1473105779;1473105778;;500;Y;"ЭКСПЕРТ Клей 88 универсальный";17160;;ekspert-kley-88-universalnyiy;;;2;9;;;;;;text;text;
13762;1;1;1473105780;1473105781;1473105780;;500;Y;"ЭКСПЕРТ Клей Бустилат всесезонный";17161;;ekspert-kley-bustilat-vsesezonnyiy;;;2;9;;;;;;text;text;
13773;1;1;1473105796;1473105797;1473105796;;500;Y;"ЭКСПЕРТ Клей ЭДП эпоксидный";17164;;ekspert-kley-edp-epoksidnyiy;;;2;9;;;;;;text;text;
13765;1;1;1473105784;1473105786;1473105784;;500;Y;"ЭКСПЕРТ Клей КС";17162;;ekspert-kley-ks;;;2;9;;;;;;text;text;
14119;1;1;1473106218;1473106218;1473106218;;500;Y;"ЭКСПЕРТ Клей ПВА столярный";17220;;ekspert-kley-pva-stolyarnyiy;;;2;9;;;;;;text;text;
14115;1;1;1473106213;1473106214;1473106213;;500;Y;"ЭКСПЕРТ Клей ПВА  строительный";17219;;ekspert-kley-pva-stroitelnyiy;;;2;9;;;;;;text;text;
14122;1;1;1473106222;1473106223;1473106222;;500;Y;"ЭКСПЕРТ Клей ПВА универсальный";17221;;ekspert-kley-pva-universalnyiy;;;2;9;;;;;;text;text;
13769;1;1;1473105791;1473105792;1473105791;;500;Y;"ЭКСПЕРТ Клей универсальный";17163;;ekspert-kley-universalnyiy;;;2;9;;;;;;text;text;
13777;1;1;1473105801;1473105802;1473105801;;500;Y;"ЭКСПЕРТ Краситель универсал.";17165;;ekspert-krasitel-universal;;;2;9;;;;;;text;text;
13855;1;1;1473105870;1473105871;1473105870;;500;Y;"ЭКСПЕРТ Краска БТ-177 бронзовая";17167;;ekspert-kraska-bt-177-bronzovaya;;;2;9;;;;;;text;text;
13857;1;1;1473105873;1473105873;1473105873;;500;Y;"ЭКСПЕРТ Краска БТ-177 серебрянка";17169;;ekspert-kraska-bt-177-serebryanka;;;2;9;;;;;;text;text;
13856;1;1;1473105872;1473105872;1473105872;;500;Y;"ЭКСПЕРТ Краска БТ-177 золотистая";17168;;ekspert-kraska-bt-177-zolotistaya;;;2;9;;;;;;text;text;
14056;1;1;1473106126;1473106128;1473106126;;500;Y;"ЭКСПЕРТ Краска для садовых деревьев";17207;;ekspert-kraska-dlya-sadovyih-dereve;;;2;9;;;;;;text;text;
14059;1;1;1473106130;1473106131;1473106130;;500;Y;"ЭКСПЕРТ Краска для стен и потолков";17208;;ekspert-kraska-dlya-sten-i-potolkov;;;2;9;;;;;;text;text;
14065;1;1;1473106137;1473106138;1473106137;;500;Y;"ЭКСПЕРТ Краска фасадная";17209;;ekspert-kraska-fasadnaya;;;2;9;;;;;;text;text;
14098;1;1;1473106178;1473106180;1473106178;;500;Y;"ЭКСПЕРТ Краска фасадная с/б";17215;;ekspert-kraska-fasadnaya-s_b;;;2;9;;;;;;text;text;
14076;1;1;1473106152;1473106153;1473106152;;500;Y;"ЭКСПЕРТ Краска интерьерная с/б";17211;;ekspert-kraska-interernaya-s_b;;;2;9;;;;;;text;text;
13815;1;1;1473105826;1473105827;1473105826;;500;Y;"ЭКСПЕРТ Краска МА-15  ";17166;;ekspert-kraska-ma-15;;;2;9;;;;;;text;text;
14082;1;1;1473106160;1473106160;1473106160;;500;Y;"ЭКСПЕРТ Краска моющаяся с/б";17212;;ekspert-kraska-moyuschayasya-s_b;;;2;9;;;;;;text;text;
14088;1;1;1473106166;1473106168;1473106166;;500;Y;"ЭКСПЕРТ Краска потолочная с/б";17213;;ekspert-kraska-potolochnaya-s_b;;;2;9;;;;;;text;text;
14094;1;1;1473106174;1473106175;1473106174;;500;Y;"ЭКСПЕРТ Краска структурная с/б";17214;;ekspert-kraska-strukturnaya-s_b;;;2;9;;;;;;text;text;
14070;1;1;1473106143;1473106144;1473106143;;500;Y;"ЭКСПЕРТ Краска влагостойкая с/б внутр.";17210;;ekspert-kraska-vlagostoykaya-s_b-vn;;;2;9;;;;;;text;text;
13877;1;1;1473105903;1473105905;1473105903;;500;Y;"ЭКСПЕРТ Лак Битумный БТ-577";17185;;ekspert-lak-bitumnyiy-bt-577;;;2;9;;;;;;text;text;
13858;1;1;1473105874;1473105875;1473105874;;500;Y;"ЭКСПЕРТ Лак ХВ-784 бесцветный";17170;;ekspert-lak-hv-784-bestsvetnyiy;;;2;9;;;;;;text;text;
13859;1;1;1473105875;1473105876;1473105875;;500;Y;"ЭКСПЕРТ Лак ХВ-784 бук";17171;;ekspert-lak-hv-784-buk;;;2;9;;;;;;text;text;
13860;1;1;1473105877;1473105877;1473105877;;500;Y;"ЭКСПЕРТ Лак ХВ-784 дуб";17172;;ekspert-lak-hv-784-dub;;;2;9;;;;;;text;text;
13861;1;1;1473105878;1473105879;1473105878;;500;Y;"ЭКСПЕРТ Лак ХВ-784 красное дерево";17173;;ekspert-lak-hv-784-krasnoe-derevo;;;2;9;;;;;;text;text;
13862;1;1;1473105879;1473105880;1473105879;;500;Y;"ЭКСПЕРТ Лак ХВ-784 лиственница";17174;;ekspert-lak-hv-784-listvennitsa;;;2;9;;;;;;text;text;
13863;1;1;1473105881;1473105882;1473105881;;500;Y;"ЭКСПЕРТ Лак ХВ-784 мокко";17175;;ekspert-lak-hv-784-mokko;;;2;9;;;;;;text;text;
13864;1;1;1473105883;1473105884;1473105883;;500;Y;"ЭКСПЕРТ Лак ХВ-784 орегон";17176;;ekspert-lak-hv-784-oregon;;;2;9;;;;;;text;text;
13865;1;1;1473105884;1473105885;1473105884;;500;Y;"ЭКСПЕРТ Лак ХВ-784 орех";17177;;ekspert-lak-hv-784-oreh;;;2;9;;;;;;text;text;
13866;1;1;1473105885;1473105886;1473105885;;500;Y;"ЭКСПЕРТ Лак ХВ-784 сосна";17178;;ekspert-lak-hv-784-sosna;;;2;9;;;;;;text;text;
13896;1;1;1473105932;1473105933;1473105932;;500;Y;"ЭКСПЕРТ Лак мебельный НЦ-218М";17191;;ekspert-lak-mebelnyiy-nts-218m;;;2;9;;;;;;text;text;
13900;1;1;1473105936;1473105936;1473105936;;500;Y;"ЭКСПЕРТ Лак мебельный НЦ-222М";17192;;ekspert-lak-mebelnyiy-nts-222m;;;2;9;;;;;;text;text;
13903;1;1;1473105939;1473105940;1473105939;;500;Y;"ЭКСПЕРТ Лак мебельный НЦ-243М матовый";17193;;ekspert-lak-mebelnyiy-nts-243m-matovyi;;;2;9;;;;;;text;text;
14126;1;1;1473106227;1473106227;1473106227;;500;Y;"ЭКСПЕРТ Лак ПФ-231М паркетный глянц.";17222;;ekspert-lak-pf-231m-parketnyiy-glyants;;;2;9;;;;;;text;text;
13881;1;1;1473105908;1473105909;1473105908;;500;Y;"ЭКСПЕРТ Мастика битумная холодного отверждения";17186;;ekspert-mastika-bitumnaya-holodnog;;;2;9;;;;;;text;text;
13884;1;1;1473105913;1473105914;1473105913;;500;Y;"ЭКСПЕРТ Мастика резино-битумная";17187;;ekspert-mastika-rezino-bitumnaya;;;2;9;;;;;;text;text;
13867;1;1;1473105889;1473105890;1473105889;;500;Y;"ЭКСПЕРТ Морилка дуб";17179;;ekspert-morilka-dub;;;2;9;;;;;;text;text;
13868;1;1;1473105891;1473105892;1473105891;;500;Y;"ЭКСПЕРТ Морилка клен";17180;;ekspert-morilka-klen;;;2;9;;;;;;text;text;
13869;1;1;1473105892;1473105893;1473105892;;500;Y;"ЭКСПЕРТ Морилка красное дерево";17181;;ekspert-morilka-krasnoe-derevo;;;2;9;;;;;;text;text;
13870;1;1;1473105893;1473105894;1473105893;;500;Y;"ЭКСПЕРТ Морилка лиственница";17182;;ekspert-morilka-listvennitsa;;;2;9;;;;;;text;text;
13871;1;1;1473105895;1473105895;1473105895;;500;Y;"ЭКСПЕРТ Морилка мокко";17183;;ekspert-morilka-mokko;;;2;9;;;;;;text;text;
14205;1;1;1473106815;1473106816;1473106815;;500;Y;"ЭКСПЕРТ Обезжириватель универсальный";17248;;ekspert-obezjirivatel-universal;;;2;9;;;;;;text;text;
13887;1;1;1473105919;1473105920;1473105919;;500;Y;"ЭКСПЕРТ Олифа Оксоль марки ПВ";17188;;ekspert-olifa-oksol-marki-pv;;;2;9;;;;;;text;text;
13699;1;1;1473105635;1473105637;1473105635;;500;Y;"ЭКСПЕРТ Пена монтажная проф. 65 всесезонная";17103;;ekspert-pena-montajnaya-prof-65-vses;;;2;9;;;;;;text;text;
13700;1;1;1473105637;1473105640;1473105637;;500;Y;"ЭКСПЕРТ Пена монтажная проф. всесезонная";17104;;ekspert-pena-montajnaya-prof-vsese;;;2;9;;;;;;text;text;
13698;1;1;1473105632;1473105634;1473105632;;500;Y;"ЭКСПЕРТ Пена монтажная всесезонная";17102;;ekspert-pena-montajnaya-vsesezonna;;;2;9;;;;;;text;text;
13892;1;1;1473105925;1473105925;1473105925;;500;Y;"ЭКСПЕРТ Праймер битумный";17189;;ekspert-praymer-bitumnyiy;;;2;9;;;;;;text;text;
13893;1;1;1473105927;1473105929;1473105927;;500;Y;"ЭКСПЕРТ Противоморозная добавка для бетонных и цементных растворов";17190;;ekspert-protivomoroznaya-dobavka-d;;;2;9;;;;;;text;text;
14208;1;1;1473106819;1473106819;1473106819;;500;Y;"ЭКСПЕРТ Растворитель 646";;;ekspert-rastvoritel-646;;;2;9;;;;;;text;text;
14213;1;1;1473106826;1473106826;1473106826;;500;Y;"ЭКСПЕРТ Растворитель 647";17249;;ekspert-rastvoritel-647;;;2;9;;;;;;text;text;
13959;1;1;1473106002;1473106003;1473106002;;500;Y;"ЭКСПЕРТ Растворитель 650";17196;;ekspert-rastvoritel-650;;;2;9;;;;;;text;text;
13960;1;1;1473106004;1473106004;1473106004;;500;Y;"ЭКСПЕРТ Растворитель 651";17197;;ekspert-rastvoritel-651;;;2;9;;;;;;text;text;
14136;1;1;1473106239;1473106240;1473106239;;500;Y;"ЭКСПЕРТ Шпакрил морозостойкий -30С°";17226;;ekspert-shpakril-morozostoykiy-30s;;;2;9;;;;;;text;text;
13964;1;1;1473106009;1473106010;1473106009;;500;Y;"ЭКСПЕРТ Шпатлевка масляно-клеевая";17201;;ekspert-shpatlevka-maslyano-kleevaya;;;2;9;;;;;;text;text;
13967;1;1;1473106015;1473106017;1473106015;;500;Y;"ЭКСПЕРТ Шпатлевка на ПВА";17202;;ekspert-shpatlevka-na-pva;;;2;9;;;;;;text;text;
14130;1;1;1473106231;1473106232;1473106231;;500;Y;"ЭКСПЕРТ Штукатурка фактурная 0,3 мм";17224;;ekspert-shtukaturka-fakturnaya-03-mm;;;2;9;;;;;;text;text;
14129;1;1;1473106230;1473106230;1473106230;;500;Y;"ЭКСПЕРТ Штукатурка рустовая 2мм";17223;;ekspert-shtukaturka-rustovaya-2mm;;;2;9;;;;;;text;text;
13961;1;1;1473106005;1473106006;1473106005;;500;Y;"ЭКСПЕРТ Скипидар";17198;;ekspert-skipidar;;;2;9;;;;;;text;text;
13962;1;1;1473106007;1473106007;1473106007;;500;Y;"ЭКСПЕРТ Сольвент";17199;;ekspert-solvent;;;2;9;;;;;;text;text;
14131;1;1;1473106232;1473106234;1473106232;;500;Y;"ЭКСПЕРТ Уайт-спирит";17225;;ekspert-uayt-spirit;;;2;9;;;;;;text;text;
12921;1;1;1473104193;1473104195;1473104193;;500;Y;"HUSKY GLOSS ECO ENAMEL Глянцевая эко-эмаль";16920;;husky-gloss-eco-enamel-glyantsevaya-eko-emal;;;2;9;;;;;;text;text;
12917;1;1;1473104176;1473104178;1473104176;;500;Y;"HUSKY INTERIOR&EXTERIOR PRIMER Грунт-краска для интерьеров и фасадов";16916;;husky-interiorexterior-primer-grunt-kraska-dlya-i;;;2;9;;;;;;text;text;
12922;1;1;1473104198;1473104200;1473104198;;500;Y;"HUSKY SEMI-MATT ECO ENAMEL полуматовая эко-эмаль";16921;;husky-semi-matt-eco-enamel-polumatovaya-eko-ema;;;2;9;;;;;;text;text;
12918;1;1;1473104179;1473104180;1473104179;;500;Y;"HUSKY SUPER PAINT CELING Краска потолочная";16917;;husky-super-paint-celing-kraska-potolochnaya;;;2;9;;;;;;text;text;
12919;1;1;1473104182;1473104187;1473104182;;500;Y;"HUSKY SUPER PAINT EXTERIOR Краска фасадная";16918;;husky-super-paint-exterior-kraska-fasadnaya;;;2;9;;;;;;text;text;
12920;1;1;1473104189;1473104192;1473104189;;500;Y;"HUSKY SUPER PAINT INTERIOR Краска интерьерная";16919;;husky-super-paint-interior-kraska-interernaya;;;2;9;;;;;;text;text;
14189;1;1;1473106312;1473106313;1473106312;;500;Y;"JOBI BUNTSTEINPUTZ GOLD Штукатурка гранитная №101 Белое золото 0,4мм";17233;;jobi-buntsteinputz-gold-shtukaturka-granitnaya;;;2;9;;;;;;text;text;
14190;1;1;1473106313;1473106314;1473106313;;500;Y;"JOBI BUNTSTEINPUTZ GOLD Штукатурка гранитная №101 Белое золото 0,4мм";17234;;jobi-buntsteinputz-gold-shtukaturka-granitnaya-14189;;;2;9;;;;;;text;text;
14191;1;1;1473106314;1473106315;1473106314;;500;Y;"JOBI BUNTSTEINPUTZ GOLD Штукатурка гранитная №102 Кварц и серебро 0,4мм";17235;;jobi-buntsteinputz-gold-shtukaturka-granitnaya-14190;;;2;9;;;;;;text;text;
14192;1;1;1473106315;1473106316;1473106315;;500;Y;"JOBI BUNTSTEINPUTZ GOLD Штукатурка гранитная №102 Кварц и серебро 0,4мм";17236;;jobi-buntsteinputz-gold-shtukaturka-granitnaya-14191;;;2;9;;;;;;text;text;
14193;1;1;1473106317;1473106318;1473106317;;500;Y;"JOBI BUNTSTEINPUTZ GOLD Штукатурка гранитная №103 Серебро и топаз 0,4мм";17237;;jobi-buntsteinputz-gold-shtukaturka-granitnaya-14192;;;2;9;;;;;;text;text;
14194;1;1;1473106319;1473106320;1473106319;;500;Y;"JOBI BUNTSTEINPUTZ GOLD Штукатурка гранитная №103 Серебро и топаз 0,4мм";17238;;jobi-buntsteinputz-gold-shtukaturka-granitnaya-14193;;;2;9;;;;;;text;text;
14195;1;1;1473106320;1473106321;1473106320;;500;Y;"JOBI BUNTSTEINPUTZ GOLD Штукатурка гранитная №104 Золото и топаз 0,4мм";17239;;jobi-buntsteinputz-gold-shtukaturka-granitnaya-14194;;;2;9;;;;;;text;text;
14196;1;1;1473106321;1473106322;1473106321;;500;Y;"JOBI BUNTSTEINPUTZ GOLD Штукатурка гранитная №104 Золото и топаз 0,4мм";17240;;jobi-buntsteinputz-gold-shtukaturka-granitnaya-14195;;;2;9;;;;;;text;text;
14197;1;1;1473106323;1473106323;1473106323;;500;Y;"JOBI BUNTSTEINPUTZ GOLD Штукатурка гранитная №105 Черный бриллиант 0,4мм";17241;;jobi-buntsteinputz-gold-shtukaturka-granitnaya-14196;;;2;9;;;;;;text;text;
14198;1;1;1473106323;1473106324;1473106323;;500;Y;"JOBI BUNTSTEINPUTZ GOLD Штукатурка гранитная №105 Черный бриллиант 0,4мм";17242;;jobi-buntsteinputz-gold-shtukaturka-granitnaya-14197;;;2;9;;;;;;text;text;
14199;1;1;1473106325;1473106326;1473106325;;500;Y;"JOBI BUNTSTEINPUTZ GOLD Штукатурка гранитная №106 Базальт 0,4мм";17243;;jobi-buntsteinputz-gold-shtukaturka-granitnaya-14198;;;2;9;;;;;;text;text;
14200;1;1;1473106326;1473106327;1473106326;;500;Y;"JOBI BUNTSTEINPUTZ GOLD Штукатурка гранитная №106 Базальт 0,4мм";17244;;jobi-buntsteinputz-gold-shtukaturka-granitnaya-14199;;;2;9;;;;;;text;text;
14201;1;1;1473106327;1473106328;1473106327;;500;Y;"JOBI BUNTSTEINPUTZ GOLD Штукатурка гранитная №107 Черный кварц 0,4мм";17245;;jobi-buntsteinputz-gold-shtukaturka-granitnaya-14200;;;2;9;;;;;;text;text;
14202;1;1;1473106328;1473106329;1473106328;;500;Y;"JOBI BUNTSTEINPUTZ GOLD Штукатурка гранитная №107 Черный кварц 0,4мм";17246;;jobi-buntsteinputz-gold-shtukaturka-granitnaya-14201;;;2;9;;;;;;text;text;
13102;1;1;1473104945;1473104945;1473104945;;500;Y;"JOBI BUNTSTEINPUTZ Штукатурка мраморная №64  1,2мм";16971;;jobi-buntsteinputz-shtukaturka-mramornaya-64;;;2;9;;;;;;text;text;
13103;1;1;1473104946;1473104946;1473104946;;500;Y;"JOBI BUNTSTEINPUTZ Штукатурка мраморная №65  1,2мм";16972;;jobi-buntsteinputz-shtukaturka-mramornaya-65;;;2;9;;;;;;text;text;
13104;1;1;1473104948;1473104949;1473104948;;500;Y;"JOBI BUNTSTEINPUTZ Штукатурка мраморная №67  1,2мм";16973;;jobi-buntsteinputz-shtukaturka-mramornaya-67;;;2;9;;;;;;text;text;
13105;1;1;1473104949;1473104950;1473104949;;500;Y;"JOBI BUNTSTEINPUTZ Штукатурка мраморная №68  1,2мм";16974;;jobi-buntsteinputz-shtukaturka-mramornaya-68;;;2;9;;;;;;text;text;
13106;1;1;1473104950;1473104951;1473104950;;500;Y;"JOBI BUNTSTEINPUTZ Штукатурка мраморная №69  1,2мм";16975;;jobi-buntsteinputz-shtukaturka-mramornaya-69;;;2;9;;;;;;text;text;
13107;1;1;1473104952;1473104953;1473104952;;500;Y;"JOBI BUNTSTEINPUTZ Штукатурка мраморная №74  2мм";16976;;jobi-buntsteinputz-shtukaturka-mramornaya-74;;;2;9;;;;;;text;text;
13108;1;1;1473104953;1473104954;1473104953;;500;Y;"JOBI BUNTSTEINPUTZ Штукатурка мраморная №75  2мм";16977;;jobi-buntsteinputz-shtukaturka-mramornaya-75;;;2;9;;;;;;text;text;
13109;1;1;1473104954;1473104955;1473104954;;500;Y;"JOBI BUNTSTEINPUTZ Штукатурка мраморная №76  2мм";16978;;jobi-buntsteinputz-shtukaturka-mramornaya-76;;;2;9;;;;;;text;text;
13110;1;1;1473104956;1473104957;1473104956;;500;Y;"JOBI BUNTSTEINPUTZ Штукатурка мраморная №77  2мм";16979;;jobi-buntsteinputz-shtukaturka-mramornaya-77;;;2;9;;;;;;text;text;
13111;1;1;1473104957;1473104958;1473104957;;500;Y;"JOBI BUNTSTEINPUTZ Штукатурка мраморная №78  2мм";16980;;jobi-buntsteinputz-shtukaturka-mramornaya-78;;;2;9;;;;;;text;text;
12979;1;1;1473104836;1473104839;1473104836;;500;Y;"JOBI ECOFARBE Краска моющаяся";16953;;jobi-ecofarbe-kraska-moyuschayasya;;;2;9;;;;;;text;text;
12953;1;1;1473104732;1473104734;1473104732;;500;Y;"JOBI Эмаль аэрозольная для радиаторов белая";16940;;jobi-emal-aerozolnaya-dlya-radiatoro;;;2;9;;;;;;text;text;
12925;1;1;1473104207;1473104207;1473104207;;500;Y;"JOBI Эмаль аэрозольная глянцевая";16924;;jobi-emal-aerozolnaya-glyantsevaya;;;2;9;;;;;;text;text;
12954;1;1;1473104735;1473104735;1473104735;;500;Y;"JOBI Эмаль аэрозольная матовая";16941;;jobi-emal-aerozolnaya-matovaya;;;2;9;;;;;;text;text;
12957;1;1;1473104740;1473104741;1473104740;;500;Y;"JOBI Эмаль аэрозольная с хром-эффектом золото";16943;;jobi-emal-aerozolnaya-s-hrom-effekt;;;2;9;;;;;;text;text;
12958;1;1;1473104742;1473104743;1473104742;;500;Y;"JOBI Эмаль аэрозольная с хром-эффектом хром";16944;;jobi-emal-aerozolnaya-s-hrom-effekt-12957;;;2;9;;;;;;text;text;
12959;1;1;1473104743;1473104744;1473104743;;500;Y;"JOBI Эмаль аэрозольная термостойкая 650С серебро";16945;;jobi-emal-aerozolnaya-termostoykaya;;;2;9;;;;;;text;text;
12960;1;1;1473104745;1473104745;1473104745;;500;Y;"JOBI Эмаль аэрозольная термостойкая 650С черная";16946;;jobi-emal-aerozolnaya-termostoykaya-12959;;;2;9;;;;;;text;text;
12983;1;1;1473104843;1473104843;1473104843;;500;Y;"JOBI FASSADENFARBE Краска фасадная";16954;;jobi-fassadenfarbe-kraska-fasadnaya;;;2;9;;;;;;text;text;
12987;1;1;1473104846;1473104846;1473104846;;500;Y;"JOBI FASSADPREMIUM Краска фасадная премиум";;;jobi-fassadpremium-kraska-fasadnaya-premium;;;2;9;;;;;;text;text;
12961;1;1;1473104746;1473104748;1473104746;;500;Y;"JOBI FENSTERAQUALACK Эмаль акрил. для окон и двр. глянцевая белая";16947;;jobi-fensteraqualack-emal-akril-dlya-okon-i;;;2;9;;;;;;text;text;
13124;1;1;1473104990;1473104991;1473104990;;500;Y;"JOBI FENSTERLACK Эмаль для окон шелк. мат.";16993;;jobi-fensterlack-emal-dlya-okon-shelk-mat;;;2;9;;;;;;text;text;
13065;1;1;1473104903;1473104905;1473104903;;500;Y;"JOBI FLUSSIG KUNSTSTOFF Краска ж/ плст. ";16964;;jobi-flussig-kunststoff-kraska-j_-plst;;;2;9;;;;;;text;text;
13647;1;1;1473105569;1473105570;1473105569;;500;Y;"JOBI Герметик акриловый белый";17056;;jobi-germetik-akrilovyiy-belyiy;;;2;9;;;;;;text;text;
13648;1;1;1473105571;1473105571;1473105571;;500;Y;"JOBI Герметик силиконовый белый";17057;;jobi-germetik-silikonovyiy-belyiy;;;2;9;;;;;;text;text;
13649;1;1;1473105572;1473105572;1473105572;;500;Y;"JOBI Герметик силиконовый бесцветный";17058;;jobi-germetik-silikonovyiy-bestsvetnyi;;;2;9;;;;;;text;text;
13652;1;1;1473105575;1473105575;1473105575;;500;Y;"JOBI Герметик силиконовый черный";17061;;jobi-germetik-silikonovyiy-chernyiy;;;2;9;;;;;;text;text;
13650;1;1;1473105573;1473105573;1473105573;;500;Y;"JOBI Герметик силиконовый коричневый";17059;;jobi-germetik-silikonovyiy-korichnevyi;;;2;9;;;;;;text;text;
13651;1;1;1473105574;1473105574;1473105574;;500;Y;"JOBI Герметик силиконовый серый";17060;;jobi-germetik-silikonovyiy-seryiy;;;2;9;;;;;;text;text;
12923;1;1;1473104203;1473104203;1473104203;;500;Y;"JOBI Грунтовка аэрозольная белая";16922;;jobi-gruntovka-aerozolnaya-belaya;;;2;9;;;;;;text;text;
12964;1;1;1473104754;1473104755;1473104754;;500;Y;"JOBI HOCHGLANZAQUALACK Эмаль акрил. в/глянц белая";16948;;jobi-hochglanzaqualack-emal-akril-v_glyants-be;;;2;9;;;;;;text;text;
13127;1;1;1473104993;1473104994;1473104993;;500;Y;"JOBI HOCHGLANZLACK Эмаль в/глянц белая";16994;;jobi-hochglanzlack-emal-v_glyants-belaya;;;2;9;;;;;;text;text;
13122;1;1;1473104986;1473104987;1473104986;;500;Y;"JOBI КLASSIK VENEZIANISCHPUTZ Венец. штукатурка";16991;;jobi-klassik-venezianischputz-venets-shtukaturka;;;2;9;;;;;;text;text;
13123;1;1;1473104988;1473104988;1473104988;;500;Y;"JOBI КLASSIK VENEZIANISCHPUTZ Венец. Штукатурка";16992;;jobi-klassik-venezianischputz-venets-shtukaturka-13122;;;2;9;;;;;;text;text;
13112;1;1;1473104959;1473104962;1473104959;;500;Y;"JOBI KRATZPUTZ Штукатурка декоративная 1,5мм";16981;;jobi-kratzputz-shtukaturka-dekorativnaya-15;;;2;9;;;;;;text;text;
13113;1;1;1473104962;1473104964;1473104962;;500;Y;"JOBI KRATZPUTZ Штукатурка декоративная 1,5мм";16982;;jobi-kratzputz-shtukaturka-dekorativnaya-15-13112;;;2;9;;;;;;text;text;
12924;1;1;1473104204;1473104205;1473104204;;500;Y;"JOBI Лак аэрозольный бесцветный";16923;;jobi-lak-aerozolnyiy-bestsvetnyiy;;;2;9;;;;;;text;text;
13114;1;1;1473104966;1473104968;1473104966;;500;Y;"JOBI MODELLIERPUTZ Штукатурка декоративная 0,3мм";16983;;jobi-modellierputz-shtukaturka-dekorativnaya;;;2;9;;;;;;text;text;
13115;1;1;1473104970;1473104974;1473104970;;500;Y;"JOBI MODELLIERPUTZ Штукатурка декоративная 0,3мм";16984;;jobi-modellierputz-shtukaturka-dekorativnaya-13114;;;2;9;;;;;;text;text;
13653;1;1;1473105576;1473105577;1473105576;;500;Y;"JOBI Очиститель монтажных  пистолетов";17062;;jobi-ochistitel-montajnyih-pistoleto;;;2;9;;;;;;text;text;
12967;1;1;1473104823;1473104823;1473104823;;500;Y;"JOBI PARKETTAQUALACK Лак паркетный глянц.акрило-уретан.";16949;;jobi-parkettaqualack-lak-parketnyiy-glyantsakr;;;2;9;;;;;;text;text;
12970;1;1;1473104825;1473104825;1473104825;;500;Y;"JOBI PARKETTAQUALACK Лак паркетный п/мат.акрило-уретан.";16950;;jobi-parkettaqualack-lak-parketnyiy-p_matakr;;;2;9;;;;;;text;text;
13078;1;1;1473104915;1473104916;1473104915;;500;Y;"JOBI PARKETTLACK Лак паркет. алкидно-уретановый глянц";16965;;jobi-parkettlack-lak-parket-alkidno-ureta;;;2;9;;;;;;text;text;
13082;1;1;1473104919;1473104919;1473104919;;500;Y;"JOBI PARKETTLACK Лак паркет. алкидно-уретановый мат.";16966;;jobi-parkettlack-lak-parket-alkidno-ureta-13081;;;2;9;;;;;;text;text;
13086;1;1;1473104924;1473104924;1473104924;;500;Y;"JOBI PARKETTLACK Лак паркет. алкидно-уретановый п/мат.";16967;;jobi-parkettlack-lak-parket-alkidno-ureta-13085;;;2;9;;;;;;text;text;
13654;1;1;1473105578;1473105578;1473105578;;500;Y;"JOBI Пена монтажная";;;jobi-pena-montajnaya;;;2;9;;;;;;text;text;
13655;1;1;1473105580;1473105580;1473105580;;500;Y;"JOBI Пена монтажная";;;jobi-pena-montajnaya-13654;;;2;9;;;;;;text;text;
13657;1;1;1473105582;1473105582;1473105582;;500;Y;"JOBI Пена монтажная проф.";;;jobi-pena-montajnaya-prof;;;2;9;;;;;;text;text;
13658;1;1;1473105583;1473105584;1473105583;;500;Y;"JOBI Пена монтажная проф. 65 всесезон.-18С";17063;;jobi-pena-montajnaya-prof-65-vsesezon;;;2;9;;;;;;text;text;
13659;1;1;1473105585;1473105585;1473105585;;500;Y;"JOBI Пена монтажная проф. всесезон.";;;jobi-pena-montajnaya-prof-vsesezon;;;2;9;;;;;;text;text;
13660;1;1;1473105585;1473105586;1473105585;;500;Y;"JOBI Пена монтажная проф. всесезон. -18С";17064;;jobi-pena-montajnaya-prof-vsesezon-18;;;2;9;;;;;;text;text;
13656;1;1;1473105580;1473105580;1473105580;;500;Y;"JOBI Пена монтажная всесезон.";;;jobi-pena-montajnaya-vsesezon;;;2;9;;;;;;text;text;
12989;1;1;1473104847;1473104848;1473104847;;500;Y;"JOBI PUTZ-EFFEKTFARBE Краска с кварц. част.";16955;;jobi-putz-effektfarbe-kraska-s-kvarts-chast;;;2;9;;;;;;text;text;
13006;1;1;1473104867;1473104868;1473104867;;500;Y;"JOBI PUTZGRUND Грунт акрил. Укрепляющий";16960;;jobi-putzgrund-grunt-akril-ukreplyayuschiy;;;2;9;;;;;;text;text;
13116;1;1;1473104974;1473104976;1473104974;;500;Y;"JOBI ROLLPUTZ Штукатурка декоративная 0,5-1мм";16985;;jobi-rollputz-shtukaturka-dekorativnaya-05;;;2;9;;;;;;text;text;
13117;1;1;1473104976;1473104977;1473104976;;500;Y;"JOBI RUSTIKALPUTZ Штукатурка декоративная 3мм";16986;;jobi-rustikalputz-shtukaturka-dekorativnaya;;;2;9;;;;;;text;text;
13118;1;1;1473104978;1473104980;1473104978;;500;Y;"JOBI RUSTIKALPUTZ Штукатурка декоративная 3мм";16987;;jobi-rustikalputz-shtukaturka-dekorativnaya-13117;;;2;9;;;;;;text;text;
12973;1;1;1473104828;1473104828;1473104828;;500;Y;"JOBI SEIDENMATTAQUALACK Эмаль белая шелк. мат.";16951;;jobi-seidenmattaqualack-emal-belaya-shelk-mat;;;2;9;;;;;;text;text;
13130;1;1;1473104997;1473104997;1473104997;;500;Y;"JOBI SEIDENMATTLACK Эмаль шелк. мат. Белая";16995;;jobi-seidenmattlack-emal-shelk-mat-belaya;;;2;9;;;;;;text;text;
12992;1;1;1473104850;1473104851;1473104850;;500;Y;"JOBI SILOXANFASSAD Краска фасадная силоксановая";16956;;jobi-siloxanfassad-kraska-fasadnaya-siloksa;;;2;9;;;;;;text;text;
13119;1;1;1473104980;1473104982;1473104980;;500;Y;"JOBI STRUKTURPUTZ Штукатурка декоративная 2мм";16988;;jobi-strukturputz-shtukaturka-dekorativnaya;;;2;9;;;;;;text;text;
13120;1;1;1473104982;1473104984;1473104982;;500;Y;"JOBI STRUKTURPUTZ Штукатурка декоративная 2мм";16989;;jobi-strukturputz-shtukaturka-dekorativnaya-13119;;;2;9;;;;;;text;text;
13009;1;1;1473104871;1473104872;1473104871;;500;Y;"JOBI STRUKTURQUARZGRUND Грунт для штукатурок";16961;;jobi-strukturquarzgrund-grunt-dlya-shtukaturok;;;2;9;;;;;;text;text;
12993;1;1;1473104851;1473104852;1473104851;;500;Y;"JOBI SUPERWEISS Краска влагостойкая";16957;;jobi-superweiss-kraska-vlagostoykaya;;;2;9;;;;;;text;text;
12976;1;1;1473104831;1473104831;1473104831;;500;Y;"JOBI THERMOAQUAEMAIL Эмаль акриловая для радиат. белая";16952;;jobi-thermoaquaemail-emal-akrilovaya-dlya-rad;;;2;9;;;;;;text;text;
13133;1;1;1473105000;1473105001;1473105000;;500;Y;"JOBI THERMOEMAIL Эмаль для отопит приб п/м";16996;;jobi-thermoemail-emal-dlya-otopit-prib-p_m;;;2;9;;;;;;text;text;
13012;1;1;1473104874;1473104876;1473104874;;500;Y;"JOBI TIEFGRUND Грунт акрил. Проникающий";16962;;jobi-tiefgrund-grunt-akril-pronikayuschiy;;;2;9;;;;;;text;text;
13121;1;1;1473104985;1473104986;1473104985;;500;Y;"JOBI ВОСК для венецианской штукатурки";16990;;jobi-vosk-dlya-venetsianskoy-shtukaturk;;;2;9;;;;;;text;text;
12997;1;1;1473104857;1473104858;1473104857;;500;Y;"JOBI WANDFARBE Краска дисперсионная";16958;;jobi-wandfarbe-kraska-dispersionnaya;;;2;9;;;;;;text;text;
13001;1;1;1473104861;1473104861;1473104861;;500;Y;"JOBI WASCHFEST Краска для ванных и кухонь";16959;;jobi-waschfest-kraska-dlya-vannyih-i-kuhon;;;2;9;;;;;;text;text;
13090;1;1;1473104927;1473104929;1473104927;;500;Y;"JOBI YACHTLACK Лак яхтный алкидно-уретан. глянц.";16968;;jobi-yachtlack-lak-yahtnyiy-alkidno-uretan;;;2;9;;;;;;text;text;
13094;1;1;1473104933;1473104935;1473104933;;500;Y;"JOBI YACHTLACK Лак яхтный алкидно-уретан. мат.";16969;;jobi-yachtlack-lak-yahtnyiy-alkidno-uretan-13093;;;2;9;;;;;;text;text;
13098;1;1;1473104938;1473104941;1473104938;;500;Y;"JOBI YACHTLACK Лак яхтный алкидно-уретан. п/мат.";16970;;jobi-yachtlack-lak-yahtnyiy-alkidno-uretan-13097;;;2;9;;;;;;text;text;
13752;1;1;1473105735;1473105737;1473105735;;500;Y;"Краска для бордюров глянц белая";17151;;kraska-dlya-bordyurov-glyants-belaya;;;2;9;;;;;;text;text;
13753;1;1;1473105738;1473105740;1473105738;;500;Y;"Краска для бордюров глянц черная";17152;;kraska-dlya-bordyurov-glyants-chernaya;;;2;9;;;;;;text;text;
13748;1;1;1473105705;1473105711;1473105705;;500;Y;"LIQUID NAILS Жидкие гвозди LN-601 Универсальные";17147;;liquid-nails-jidkie-gvozdi-ln-601-universal;;;2;9;;;;;;text;text;
13756;1;1;1473105746;1473105752;1473105746;;500;Y;"LIQUID NAILS Жидкие гвозди LN-602 Для полов и настилов";17155;;liquid-nails-jidkie-gvozdi-ln-602-dlya-polov;;;2;9;;;;;;text;text;
13757;1;1;1473105753;1473105759;1473105753;;500;Y;"LIQUID NAILS Жидкие гвозди LN-604 Для пенопанелей";17156;;liquid-nails-jidkie-gvozdi-ln-604-dlya-penop;;;2;9;;;;;;text;text;
13749;1;1;1473105712;1473105718;1473105712;;500;Y;"LIQUID NAILS Жидкие гвозди LN-901 Сверхпрочный";17148;;liquid-nails-jidkie-gvozdi-ln-901-sverhproch;;;2;9;;;;;;text;text;
13750;1;1;1473105719;1473105725;1473105719;;500;Y;"LIQUID NAILS Жидкие гвозди LN-910 Для панелей и молдингов";17149;;liquid-nails-jidkie-gvozdi-ln-910-dlya-panel;;;2;9;;;;;;text;text;
13751;1;1;1473105726;1473105734;1473105726;;500;Y;"LIQUID NAILS Жидкие гвозди LN-915 Для ванных комнат";17150;;liquid-nails-jidkie-gvozdi-ln-915-dlya-vannyi;;;2;9;;;;;;text;text;
13758;1;1;1473105759;1473105766;1473105759;;500;Y;"LIQUID NAILS Жидкие гвозди LN-930 Для зеркал";17157;;liquid-nails-jidkie-gvozdi-ln-930-dlya-zerka;;;2;9;;;;;;text;text;
13759;1;1;1473105767;1473105772;1473105767;;500;Y;"LIQUID NAILS Жидкие гвозди LN-950 Полиуретановые";17158;;liquid-nails-jidkie-gvozdi-ln-950-poliureta;;;2;9;;;;;;text;text;
13760;1;1;1473105773;1473105778;1473105773;;500;Y;"LIQUID NAILS Клей-герметик для кровли RR-808";17159;;liquid-nails-kley-germetik-dlya-krovli-rr-80;;;2;9;;;;;;text;text;
13287;1;1;1473105157;1473105158;1473105157;;500;Y;"OLIMP АЛЬФА Краска латексная для потолков";17003;;olimp-alfa-kraska-lateksnaya-dlya-poto;;;2;9;;;;;;text;text;
13292;1;1;1473105165;1473105166;1473105165;;500;Y;"OLIMP БЕТА Краска латексная для стен и потолков";17004;;olimp-beta-kraska-lateksnaya-dlya-sten;;;2;9;;;;;;text;text;
13491;1;1;1473105385;1473105388;1473105385;;500;Y;"OLIMP ЭКО-ЛАЗУРЬ бесцветное Покрытие защит. декор. с УФ-фильтром";17039;;olimp-eko-lazur-bestsvetnoe-pokryitie;;;2;9;;;;;;text;text;
13515;1;1;1473105424;1473105426;1473105424;;500;Y;"OLIMP ЭКО-ЛАЗУРЬ черное дерево Покрытие защит. декор. с УФ-фильтром";17044;;olimp-eko-lazur-chernoe-derevo-pokryit;;;2;9;;;;;;text;text;
13495;1;1;1473105392;1473105394;1473105392;;500;Y;"OLIMP ЭКО-ЛАЗУРЬ кедр Покрытие защит. декор. с УФ-фильтром";17040;;olimp-eko-lazur-kedr-pokryitie-zaschit;;;2;9;;;;;;text;text;
13499;1;1;1473105398;1473105401;1473105398;;500;Y;"OLIMP ЭКО-ЛАЗУРЬ клен Покрытие защит. декор. с УФ-фильтром";17041;;olimp-eko-lazur-klen-pokryitie-zaschit;;;2;9;;;;;;text;text;
13503;1;1;1473105408;1473105409;1473105408;;500;Y;"OLIMP ЭКО-ЛАЗУРЬ кофейное дерево Покрытие защит. декор. с УФ-фильтром";17042;;olimp-eko-lazur-kofeynoe-derevo-pokr;;;2;9;;;;;;text;text;
13507;1;1;1473105412;1473105415;1473105412;;500;Y;"OLIMP ЭКО-ЛАЗУРЬ махагон Покрытие защит. декор. с УФ-фильтром";17043;;olimp-eko-lazur-mahagon-pokryitie-zasch;;;2;9;;;;;;text;text;
13510;1;1;1473105417;1473105417;1473105417;;500;Y;"OLIMP ЭКО-ЛАЗУРЬ светлый дуб Покрытие защит. декор. с УФ-фильтром";;;olimp-eko-lazur-svetlyiy-dub-pokryitie;;;2;9;;;;;;text;text;
13309;1;1;1473105187;1473105188;1473105187;;500;Y;"OLIMP ЭЛАСТИЧНАЯ Краска латексная моющ. мат.";17007;;olimp-elastichnaya-kraska-lateksnaya-mo;;;2;9;;;;;;text;text;
13139;1;1;1473105009;1473105010;1473105009;;500;Y;"OLIMP Эмаль аэрозольная";16998;;olimp-emal-aerozolnaya;;;2;9;;;;;;text;text;
13542;1;1;1473105461;1473105462;1473105461;;500;Y;"OLIMP Эмаль алкидная глянц.";17049;;olimp-emal-alkidnaya-glyants;;;2;9;;;;;;text;text;
13519;1;1;1473105430;1473105430;1473105430;;500;Y;"OLIMP Эмаль алкидная глянц. Голубая";17045;;olimp-emal-alkidnaya-glyants-golubaya;;;2;9;;;;;;text;text;
13529;1;1;1473105443;1473105444;1473105443;;500;Y;"OLIMP Эмаль алкидная п/матовая ";17048;;olimp-emal-alkidnaya-p_matovaya;;;2;9;;;;;;text;text;
13583;1;1;1473105496;1473105497;1473105496;;500;Y;"OLIMP Эмаль алкидная п/матовая ";17050;;olimp-emal-alkidnaya-p_matovaya-13582;;;2;9;;;;;;text;text;
13631;1;1;1473105542;1473105543;1473105542;;500;Y;"OLIMP Эмаль  для окон и дверей п/м база";17053;;olimp-emal-dlya-okon-i-dverey-p_m-baza;;;2;9;;;;;;text;text;
13634;1;1;1473105549;1473105550;1473105549;;500;Y;"OLIMP Эмаль  для отопит. приборов";17054;;olimp-emal-dlya-otopit-priborov;;;2;9;;;;;;text;text;
13637;1;1;1473105555;1473105556;1473105555;;500;Y;"OLIMP Эмаль д/бетонных полов белая База";17055;;olimp-emal-d_betonnyih-polov-belaya-ba;;;2;9;;;;;;text;text;
13314;1;1;1473105192;1473105193;1473105192;;500;Y;"OLIMP ЭПСИЛОН Краска акрил. структур. фасадная";17008;;olimp-epsilon-kraska-akril-struktur;;;2;9;;;;;;text;text;
13298;1;1;1473105175;1473105176;1473105175;;500;Y;"OLIMP ГАММА Краска акрил. моющ. мат.";17005;;olimp-gamma-kraska-akril-moyusch-mat;;;2;9;;;;;;text;text;
13662;1;1;1473105587;1473105588;1473105587;;500;Y;"OLIMP Герметик акриловый белый М";17066;;olimp-germetik-akrilovyiy-belyiy-m;;;2;9;;;;;;text;text;
13661;1;1;1473105587;1473105587;1473105587;;500;Y;"OLIMP Герметик аквариумный бесцветный";17065;;olimp-germetik-akvariumnyiy-bestsvetnyi;;;2;9;;;;;;text;text;
13663;1;1;1473105588;1473105589;1473105588;;500;Y;"OLIMP Герметик битумный черный";17067;;olimp-germetik-bitumnyiy-chernyiy;;;2;9;;;;;;text;text;
13664;1;1;1473105589;1473105590;1473105589;;500;Y;"OLIMP Герметик нейтр. силиконовый белый";17068;;olimp-germetik-neytr-silikonovyiy-bel;;;2;9;;;;;;text;text;
13665;1;1;1473105590;1473105591;1473105590;;500;Y;"OLIMP Герметик нейтр. силиконовый бесцв.";17069;;olimp-germetik-neytr-silikonovyiy-bes;;;2;9;;;;;;text;text;
13666;1;1;1473105591;1473105592;1473105591;;500;Y;"OLIMP Герметик паркетный бук PF-37";17070;;olimp-germetik-parketnyiy-buk-pf-37;;;2;9;;;;;;text;text;
13667;1;1;1473105593;1473105594;1473105593;;500;Y;"OLIMP Герметик паркетный дуб PF-90";17071;;olimp-germetik-parketnyiy-dub-pf-90;;;2;9;;;;;;text;text;
13668;1;1;1473105594;1473105595;1473105594;;500;Y;"OLIMP Герметик паркетный сосна PF-86";17072;;olimp-germetik-parketnyiy-sosna-pf-86;;;2;9;;;;;;text;text;
13669;1;1;1473105595;1473105596;1473105595;;500;Y;"OLIMP Герметик паркетный темная вишня PF-10";17073;;olimp-germetik-parketnyiy-temnaya-vishn;;;2;9;;;;;;text;text;
13670;1;1;1473105596;1473105597;1473105596;;500;Y;"OLIMP Герметик паркетный темный дуб PF-96";17074;;olimp-germetik-parketnyiy-temnyiy-dub-pf;;;2;9;;;;;;text;text;
13671;1;1;1473105598;1473105598;1473105598;;500;Y;"OLIMP Герметик санит. силиконовый белый";17075;;olimp-germetik-sanit-silikonovyiy-bel;;;2;9;;;;;;text;text;
13672;1;1;1473105598;1473105599;1473105598;;500;Y;"OLIMP Герметик санит. силиконовый бесцв.";17076;;olimp-germetik-sanit-silikonovyiy-bes;;;2;9;;;;;;text;text;
13673;1;1;1473105599;1473105600;1473105599;;500;Y;"OLIMP Герметик силиконовый белый";17077;;olimp-germetik-silikonovyiy-belyiy;;;2;9;;;;;;text;text;
13674;1;1;1473105600;1473105601;1473105600;;500;Y;"OLIMP Герметик силиконовый белый";17078;;olimp-germetik-silikonovyiy-belyiy-13673;;;2;9;;;;;;text;text;
13675;1;1;1473105601;1473105602;1473105601;;500;Y;"OLIMP Герметик силиконовый бесцветный";17079;;olimp-germetik-silikonovyiy-bestsvetnyi;;;2;9;;;;;;text;text;
13676;1;1;1473105603;1473105603;1473105603;;500;Y;"OLIMP Герметик силиконовый бесцветный";17080;;olimp-germetik-silikonovyiy-bestsvetnyi-13675;;;2;9;;;;;;text;text;
13679;1;1;1473105607;1473105607;1473105607;;500;Y;"OLIMP Герметик силиконовый черный";17083;;olimp-germetik-silikonovyiy-chernyiy;;;2;9;;;;;;text;text;
13677;1;1;1473105605;1473105605;1473105605;;500;Y;"OLIMP Герметик силиконовый коричневый";17081;;olimp-germetik-silikonovyiy-korichnevyi;;;2;9;;;;;;text;text;
13678;1;1;1473105606;1473105607;1473105606;;500;Y;"OLIMP Герметик силиконовый серый";17082;;olimp-germetik-silikonovyiy-seryiy;;;2;9;;;;;;text;text;
13680;1;1;1473105608;1473105609;1473105608;;500;Y;"OLIMP Герметик термостойкий черный +1500 С";17084;;olimp-germetik-termostoykiy-chernyiy-15;;;2;9;;;;;;text;text;
13334;1;1;1473105216;1473105217;1473105216;;500;Y;"OLIMP Грунтовка изолирующая";17014;;olimp-gruntovka-izoliruyuschaya;;;2;9;;;;;;text;text;
13335;1;1;1473105218;1473105219;1473105218;;500;Y;"OLIMP ЖИДКАЯ ГИДРОИЗОЛЯЦИЯ";17015;;olimp-jidkaya-gidroizolyatsiya;;;2;9;;;;;;text;text;
13681;1;1;1473105609;1473105610;1473105609;;500;Y;"OLIMP Клей монтажный многоцелевой";17085;;olimp-kley-montajnyiy-mnogotselevoy;;;2;9;;;;;;text;text;
13683;1;1;1473105611;1473105612;1473105611;;500;Y;"OLIMP Клей строительный многоцелевой";17087;;olimp-kley-stroitelnyiy-mnogotselevoy;;;2;9;;;;;;text;text;
13684;1;1;1473105612;1473105613;1473105612;;500;Y;"OLIMP Клей строительный особопрочный";17088;;olimp-kley-stroitelnyiy-osoboprochnyiy;;;2;9;;;;;;text;text;
13682;1;1;1473105610;1473105611;1473105610;;500;Y;"OLIMP Клей строительный влагостойкий";17086;;olimp-kley-stroitelnyiy-vlagostoykiy;;;2;9;;;;;;text;text;
13342;1;1;1473105231;1473105232;1473105231;;500;Y;"OLIMP Колорант ";17020;;olimp-kolorant;;;2;9;;;;;;text;text;
13324;1;1;1473105204;1473105205;1473105204;;500;Y;"OLIMP  КОНТАКТ-ГРУНТ   2,5л";17011;;olimp-kontakt-grunt-25l;;;2;9;;;;;;text;text;
13626;1;1;1473105536;1473105537;1473105536;;500;Y;"OLIMP Краска для деревянных фасадов белая";17051;;olimp-kraska-dlya-derevyannyih-fasadov-b;;;2;9;;;;;;text;text;
13630;1;1;1473105541;1473105541;1473105541;;500;Y;"OLIMP Краска фасад. всесезон. бел. мат. (-20 +35)";17052;;olimp-kraska-fasad-vsesezon-bel-mat;;;2;9;;;;;;text;text;
13393;1;1;1473105266;1473105267;1473105266;;500;Y;"OLIMP Краска с молотковым эффектом";17021;;olimp-kraska-s-molotkovyim-effektom;;;2;9;;;;;;text;text;
13453;1;1;1473105340;1473105344;1473105340;;500;Y;"OLIMP Лак для камня и штукатурки";17033;;olimp-lak-dlya-kamnya-i-shtukaturki;;;2;9;;;;;;text;text;
13437;1;1;1473105319;1473105320;1473105319;;500;Y;"OLIMP Лак для саун";17028;;olimp-lak-dlya-saun;;;2;9;;;;;;text;text;
13413;1;1;1473105287;1473105287;1473105287;;500;Y;"OLIMP Лак паркетный глянцевый";17022;;olimp-lak-parketnyiy-glyantsevyiy;;;2;9;;;;;;text;text;
13417;1;1;1473105292;1473105293;1473105292;;500;Y;"OLIMP Лак паркетный матовый";17023;;olimp-lak-parketnyiy-matovyiy;;;2;9;;;;;;text;text;
13421;1;1;1473105297;1473105297;1473105297;;500;Y;"OLIMP Лак паркетный п/матовый";17024;;olimp-lak-parketnyiy-p_matovyiy;;;2;9;;;;;;text;text;
13425;1;1;1473105300;1473105302;1473105300;;500;Y;"OLIMP Лак яхтный глянцевый";17025;;olimp-lak-yahtnyiy-glyantsevyiy;;;2;9;;;;;;text;text;
13429;1;1;1473105308;1473105309;1473105308;;500;Y;"OLIMP Лак яхтный матовый";17026;;olimp-lak-yahtnyiy-matovyiy;;;2;9;;;;;;text;text;
13433;1;1;1473105313;1473105314;1473105313;;500;Y;"OLIMP Лак яхтный п/матовый";17027;;olimp-lak-yahtnyiy-p_matovyiy;;;2;9;;;;;;text;text;
13317;1;1;1473105195;1473105196;1473105195;;500;Y;"OLIMP    ОМЕГА Грунтовка глубокого проникновени";17009;;olimp-omega-gruntovka-glubokogo-pro;;;2;9;;;;;;text;text;
13170;1;1;1473105035;1473105040;1473105035;;500;Y;"OLIMP ОМИКРОН-ГЕЛЬ Гель декор. защит. ";17000;;olimp-omikron-gel-gel-dekor-zaschit;;;2;9;;;;;;text;text;
13166;1;1;1473105026;1473105030;1473105026;;500;Y;"OLIMP ОМИКРОН Грунт";16999;;olimp-omikron-grunt;;;2;9;;;;;;text;text;
13215;1;1;1473105081;1473105081;1473105081;;500;Y;"OLIMP ОМИКРОН МАКСИМУМ Антисептик ";17001;;olimp-omikron-maksimum-antiseptik;;;2;9;;;;;;text;text;
13253;1;1;1473105117;1473105120;1473105117;;500;Y;"OLIMP ОМИКРОН СТАНДАРТ Антисептик ";17002;;olimp-omikron-standart-antiseptik;;;2;9;;;;;;text;text;
13440;1;1;1473105322;1473105323;1473105322;;500;Y;"OLIMP ОРИОН Лак водный бесцветный";17029;;olimp-orion-lak-vodnyiy-bestsvetnyiy;;;2;9;;;;;;text;text;
13136;1;1;1473105005;1473105006;1473105005;;500;Y;"OLIMP Отбеливатель для древесины";16997;;olimp-otbelivatel-dlya-drevesinyi;;;2;9;;;;;;text;text;
13685;1;1;1473105613;1473105616;1473105613;;500;Y;"OLIMP Пена монтажная";17089;;olimp-pena-montajnaya;;;2;9;;;;;;text;text;
13686;1;1;1473105617;1473105618;1473105617;;500;Y;"OLIMP Пена монтажная";17090;;olimp-pena-montajnaya-13685;;;2;9;;;;;;text;text;
13688;1;1;1473105620;1473105621;1473105620;;500;Y;"OLIMP Пена монтажная проф.";17092;;olimp-pena-montajnaya-prof;;;2;9;;;;;;text;text;
13689;1;1;1473105621;1473105622;1473105621;;500;Y;"OLIMP Пена монтажная проф. 65";17093;;olimp-pena-montajnaya-prof-65;;;2;9;;;;;;text;text;
13690;1;1;1473105622;1473105623;1473105622;;500;Y;"OLIMP Пена монтажная проф. 65 всесезонная";17094;;olimp-pena-montajnaya-prof-65-vsesezon;;;2;9;;;;;;text;text;
13691;1;1;1473105624;1473105625;1473105624;;500;Y;"OLIMP Пена монтажная проф. Всесезонная";17095;;olimp-pena-montajnaya-prof-vsesezonna;;;2;9;;;;;;text;text;
13687;1;1;1473105619;1473105620;1473105619;;500;Y;"OLIMP Пена монтажная всесезонная";17091;;olimp-pena-montajnaya-vsesezonnaya;;;2;9;;;;;;text;text;
13456;1;1;1473105346;1473105347;1473105346;;500;Y;"OLIMP Пропитка для камня";17034;;olimp-propitka-dlya-kamnya;;;2;9;;;;;;text;text;
13444;1;1;1473105327;1473105328;1473105327;;500;Y;"OLIMP Пропитка огнебиозащитная I кат. красная";17030;;olimp-propitka-ognebiozaschitnaya-i-kat;;;2;9;;;;;;text;text;
13447;1;1;1473105332;1473105333;1473105332;;500;Y;"OLIMP Пропитка огнебиозащитная II кат. бесцветная";17031;;olimp-propitka-ognebiozaschitnaya-ii-kat;;;2;9;;;;;;text;text;
13450;1;1;1473105335;1473105336;1473105335;;500;Y;"OLIMP Пропитка огнебиозащитная II кат. красна";17032;;olimp-propitka-ognebiozaschitnaya-ii-kat-13449;;;2;9;;;;;;text;text;
13487;1;1;1473105380;1473105381;1473105380;;500;Y;"OLIMP Шпатлевка фасадная";17038;;olimp-shpatlevka-fasadnaya;;;2;9;;;;;;text;text;
13465;1;1;1473105357;1473105357;1473105357;;500;Y;"OLIMP Шпатлевка по дереву белая";;;olimp-shpatlevka-po-derevu-belaya;;;2;9;;;;;;text;text;
13482;1;1;1473105374;1473105375;1473105374;;500;Y;"OLIMP Шпатлевка универсальная";17037;;olimp-shpatlevka-universalnaya;;;2;9;;;;;;text;text;
13304;1;1;1473105181;1473105181;1473105181;;500;Y;"OLIMP СИГМА Краска акриловая фасадная";17006;;olimp-sigma-kraska-akrilovaya-fasadna;;;2;9;;;;;;text;text;
13462;1;1;1473105353;1473105354;1473105353;;500;Y;"OLIMP Смывка цемента всесезонная";17036;;olimp-smyivka-tsementa-vsesezonnaya;;;2;9;;;;;;text;text;
13459;1;1;1473105350;1473105351;1473105350;;500;Y;"OLIMP Смывка высолов всесезонная";17035;;olimp-smyivka-vyisolov-vsesezonnaya;;;2;9;;;;;;text;text;
13327;1;1;1473105209;1473105210;1473105209;;500;Y;"OLIMP  СТОП-ПЛЕСЕНЬ Состав для уничтожения плесени";17012;;olimp-stop-plesen-sostav-dlya-unichto;;;2;9;;;;;;text;text;
13320;1;1;1473105200;1473105201;1473105200;;500;Y;"OLIMP   ТАУ Грунтовка упрочняющая, пленкообр.";17010;;olimp-tau-gruntovka-uprochnyayuschaya-ple;;;2;9;;;;;;text;text;
13331;1;1;1473105213;1473105214;1473105213;;500;Y;"OLIMP  УЛЬТРАСЕПТ Трудновымываемый антисептик для древесины";17013;;olimp-ultrasept-trudnovyimyivaemyiy-a;;;2;9;;;;;;text;text;
13336;1;1;1473105219;1473105223;1473105219;;500;Y;"OLIMP Уничтожитель вредителей древесины";17016;;olimp-unichtojitel-vrediteley-dreves;;;2;9;;;;;;text;text;
13714;1;1;1473105656;1473105656;1473105656;;500;Y;"QUELYD Dissoucol Жидкость для снятия обоев";17116;;quelyd-dissoucol-jidkost-dlya-snyatiya-oboev;;;2;9;;;;;;text;text;
13715;1;1;1473105656;1473105661;1473105656;;500;Y;"QUELYD Герметик для кровли черный";17117;;quelyd-germetik-dlya-krovli-chernyiy;;;2;9;;;;;;text;text;
13716;1;1;1473105662;1473105664;1473105662;;500;Y;"QUELYD Гидроизоляция СТОП ВОДА";17118;;quelyd-gidroizolyatsiya-stop-voda;;;2;9;;;;;;text;text;
13717;1;1;1473105664;1473105665;1473105664;;500;Y;"QUELYD Гидроизоляция СТОП ВОДА";17119;;quelyd-gidroizolyatsiya-stop-voda-13716;;;2;9;;;;;;text;text;
13718;1;1;1473105665;1473105665;1473105665;;500;Y;"QUELYD Гидроизоляция СТОП ВОДА";17120;;quelyd-gidroizolyatsiya-stop-voda-13717;;;2;9;;;;;;text;text;
13719;1;1;1473105667;1473105668;1473105667;;500;Y;"QUELYD Грунт универсальный";17121;;quelyd-grunt-universalnyiy;;;2;9;;;;;;text;text;
13723;1;1;1473105671;1473105672;1473105671;;500;Y;"QUELYD Клей для паркета Parquet PU 2K";17123;;quelyd-kley-dlya-parketa-parquet-pu-2k;;;2;9;;;;;;text;text;
13724;1;1;1473105673;1473105674;1473105673;;500;Y;"QUELYD Клей для пробки ""KORK""";17124;;quelyd-kley-dlya-probki-kork;;;2;9;;;;;;text;text;
13725;1;1;1473105674;1473105675;1473105674;;500;Y;"QUELYD Клей для стеновых покрытий ""Murale""";17125;;quelyd-kley-dlya-stenovyih-pokryitiy-murale;;;2;9;;;;;;text;text;
13720;1;1;1473105669;1473105669;1473105669;;500;Y;"QUELYD Клей д/декор.бордюров ""Bordure""";;;quelyd-kley-d_dekorbordyurov-bordure;;;2;9;;;;;;text;text;
13721;1;1;1473105669;1473105669;1473105669;;500;Y;"QUELYD Клей д/декор.бордюров ""Bordure""";;;quelyd-kley-d_dekorbordyurov-bordure-13720;;;2;9;;;;;;text;text;
13722;1;1;1473105670;1473105671;1473105670;;500;Y;"QUELYD Клей д/стыков обоев ""Raccord""";17122;;quelyd-kley-d_styikov-oboev-raccord;;;2;9;;;;;;text;text;
13744;1;1;1473105700;1473105702;1473105700;;500;Y;"QUELYD Клей-герметик белый";17144;;quelyd-kley-germetik-belyiy;;;2;9;;;;;;text;text;
13745;1;1;1473105703;1473105703;1473105703;;500;Y;"QUELYD Клей-герметик жидкий металл";17145;;quelyd-kley-germetik-jidkiy-metall;;;2;9;;;;;;text;text;
13728;1;1;1473105678;1473105679;1473105678;;500;Y;"QUELYD Клей монтажный ""Mastifix Декор""";17128;;quelyd-kley-montajnyiy-mastifix-dekor;;;2;9;;;;;;text;text;
13729;1;1;1473105680;1473105681;1473105680;;500;Y;"QUELYD Клей монтажный ""Mastifix для зеркал""";17129;;quelyd-kley-montajnyiy-mastifix-dlya-zerkal;;;2;9;;;;;;text;text;
13730;1;1;1473105681;1473105683;1473105681;;500;Y;"QUELYD Клей монтажный ""Mastifix Строительный""";17130;;quelyd-kley-montajnyiy-mastifix-stroitel;;;2;9;;;;;;text;text;
13731;1;1;1473105683;1473105684;1473105683;;500;Y;"QUELYD Клей монтажный ""Mastifix Супер Сила""";17131;;quelyd-kley-montajnyiy-mastifix-super-sila;;;2;9;;;;;;text;text;
13726;1;1;1473105676;1473105677;1473105676;;500;Y;"QUELYD Клей монтажный ""Mastifix Ultra""";17126;;quelyd-kley-montajnyiy-mastifix-ultra;;;2;9;;;;;;text;text;
13727;1;1;1473105677;1473105678;1473105677;;500;Y;"QUELYD Клей монтажный ""Mastifix Ultra""";17127;;quelyd-kley-montajnyiy-mastifix-ultra-13726;;;2;9;;;;;;text;text;
13738;1;1;1473105692;1473105692;1473105692;;500;Y;"QUELYD Клей обойный ""Экспресс""";17138;;quelyd-kley-oboynyiy-ekspress;;;2;9;;;;;;text;text;
13739;1;1;1473105694;1473105695;1473105694;;500;Y;"QUELYD Клей обойный ""Экспресс""";17139;;quelyd-kley-oboynyiy-ekspress-13738;;;2;9;;;;;;text;text;
13740;1;1;1473105695;1473105696;1473105695;;500;Y;"QUELYD Клей обойный ""Экспресс-супер""";17140;;quelyd-kley-oboynyiy-ekspress-super;;;2;9;;;;;;text;text;
13741;1;1;1473105696;1473105697;1473105696;;500;Y;"QUELYD Клей обойный флизелинов.""Intisse""";17141;;quelyd-kley-oboynyiy-flizelinovintisse;;;2;9;;;;;;text;text;
13742;1;1;1473105698;1473105699;1473105698;;500;Y;"QUELYD Клей обойный флизелинов.""Intisse""";17142;;quelyd-kley-oboynyiy-flizelinovintisse-13741;;;2;9;;;;;;text;text;
13743;1;1;1473105699;1473105700;1473105699;;500;Y;"QUELYD Клей обойный флизелинов.""Intisse"" бонусный";17143;;quelyd-kley-oboynyiy-flizelinovintisse-b;;;2;9;;;;;;text;text;
13732;1;1;1473105686;1473105687;1473105686;;500;Y;"QUELYD Клей обойный ""Индикатор""";17132;;quelyd-kley-oboynyiy-indikator;;;2;9;;;;;;text;text;
13733;1;1;1473105687;1473105687;1473105687;;500;Y;"QUELYD Клей обойный ""Индикатор""";17133;;quelyd-kley-oboynyiy-indikator-13732;;;2;9;;;;;;text;text;
13734;1;1;1473105688;1473105688;1473105688;;500;Y;"QUELYD Клей обойный ""Индикатор"" бонусный";17134;;quelyd-kley-oboynyiy-indikator-bonusn;;;2;9;;;;;;text;text;
13735;1;1;1473105689;1473105690;1473105689;;500;Y;"QUELYD Клей обойный ""Спецвинил""";17135;;quelyd-kley-oboynyiy-spetsvinil;;;2;9;;;;;;text;text;
13736;1;1;1473105690;1473105691;1473105690;;500;Y;"QUELYD Клей обойный ""Спецвинил""";17136;;quelyd-kley-oboynyiy-spetsvinil-13735;;;2;9;;;;;;text;text;
13737;1;1;1473105691;1473105691;1473105691;;500;Y;"QUELYD Клей обойный ""Стеклообои""";17137;;quelyd-kley-oboynyiy-steklooboi;;;2;9;;;;;;text;text;
13746;1;1;1473105704;1473105704;1473105704;;500;Y;"QUELYD Клейкая масса Blu Tack";17146;;quelyd-kleykaya-massa-blu-tack;;;2;9;;;;;;text;text;
